{
  "ML_XGBoost": {
    "experiment": "ML_XGBoost",
    "valid_seen_mape": 0.169978917539469,
    "valid_unseen_mape": 0.2730010041648696,
    "combined_mape": 0.2214899608521693,
    "test1_mape": 0.1730987719164569,
    "test2_mape": 2.094416046305907
  },
  "ML_CatBoost": {
    "experiment": "ML_CatBoost",
    "valid_seen_mape": 0.18189216110233,
    "valid_unseen_mape": 0.2732885917582275,
    "combined_mape": 0.2275903764302788,
    "test1_mape": 0.2062169868154683,
    "test2_mape": 2.151792938425685
  },
  "ML_RF": {
    "experiment": "ML_RF",
    "valid_seen_mape": 0.1841116269030472,
    "valid_unseen_mape": 0.2850977864813973,
    "combined_mape": 0.2346047066922222,
    "test1_mape": 0.2077801083094166,
    "test2_mape": 2.161179991024845
  },
  "DL_LSTM": {
    "test1": {
      "mae": 0.0030359052097391633,
      "rmse": 0.005807804891527154,
      "mape": 3.7988925770832767,
      "daily_mae": 0.2318976094866335,
      "daily_rmse": 0.310236555736358,
      "daily_mape": 0.6332006690555546
    },
    "test2": {
      "mae": 0.002277440279872199,
      "rmse": 0.004118640495219539,
      "mape": 985.0338021370462,
      "daily_mae": 0.16009470293454633,
      "daily_rmse": 0.18959340100894925,
      "daily_mape": 1.2524013926814077
    },
    "train": {
      "mae": 0.0027440235449879597,
      "rmse": 0.004952439824950773,
      "mape": 668.1363289177152,
      "daily_mae": 0.20840007411403902,
      "daily_rmse": 0.2557271768697053,
      "daily_mape": 0.6364826571806768
    },
    "valid_seen": {
      "mae": 0.0028424206505814663,
      "rmse": 0.005319647388671467,
      "mape": 733.474046310228,
      "daily_mae": 0.21713321829187088,
      "daily_rmse": 0.2817826325240419,
      "daily_mape": 0.6557677674567813
    },
    "valid_unseen": {
      "mae": 0.002760902697634262,
      "rmse": 0.004822775309028661,
      "mape": 3047.644513219298,
      "daily_mae": 0.20192232842239993,
      "daily_rmse": 0.2286869393060147,
      "daily_mape": 0.616615015522741
    },
    "combined_validation": {
      "daily_mape": 0.6361913914897612
    }
  }
}